SNP	CHR	BP	P	A1	BETA	SE
rs7765567	6	38403874	2.1e-13	T	0.023	0.003
rs113851554	2	113316416	3.4e-12	A	0.021	0.003
rs9479275	7	108690518	5.5e-11	G	-0.019	0.003
rs12736689	2	26729012	1.2e-10	C	0.018	0.003
rs3847247	2	113942002	2.8e-10	T	0.017	0.003
rs1551967	2	113316416	6.1e-10	A	0.016	0.003
rs62062281	17	42997143	8.3e-10	G	0.016	0.003
rs75804782	1	92040002	1.9e-09	C	-0.015	0.003
rs9316500	13	28493042	3.2e-09	T	0.015	0.003
rs6703218	1	161473485	4.7e-09	A	0.014	0.003
rs4148156	3	119417093	6.8e-09	G	-0.014	0.003
rs10761240	10	114754088	9.1e-09	T	0.013	0.003
rs28969406	2	238221900	1.3e-08	C	0.013	0.003
rs11545787	1	227672997	1.8e-08	G	-0.013	0.003
rs62374074	5	176977553	2.3e-08	A	0.012	0.003
rs1859788	3	165529428	3.1e-08	T	0.012	0.003
rs4387287	7	1251717	3.9e-08	C	-0.012	0.003
rs74506767	1	169549913	4.6e-08	G	0.011	0.003
rs9175602	7	190613154	0.565074813839176	C	0.006516335011295253	0.003
rs9859060	20	162566703	0.3525421976716088	T	0.008174026185387357	0.003
rs5810833	15	12552291	0.976650231152562	G	0.001123634700795139	0.003
rs4761675	11	1070640	0.5997210134151247	C	-0.006137342708254139	0.003
rs9877580	8	114442790	0.23486215155071719	T	-0.003471328469934141	0.003
rs6371112	21	78498463	0.1007736300694735	A	-0.007683122864394847	0.003
rs8281505	7	122562775	0.15133901920109688	G	-0.009818551906945501	0.003
rs7493509	19	235576534	0.24350569152337923	C	0.00522055805004056	0.003
rs9824031	11	240475901	0.15908295271322753	T	-0.003162556679226278	0.003
rs5068316	11	198193764	0.1847094881405522	T	0.008744569744729024	0.003
rs2656671	21	220459339	0.2822513660552217	G	-0.008643258817896562	0.003
rs1783066	4	232902576	0.17164812560585435	G	0.004163441772905632	0.003
rs5055957	8	236556534	0.8877988027259146	A	0.0016434092035254658	0.003
rs3042999	3	4741196	0.07944060586756917	C	0.007048293183972954	0.003
rs9019213	22	226093910	0.5192710305606564	G	0.0035210451437350885	0.003
rs3773707	21	20511512	0.406298754751495	G	0.002951472868038152	0.003
rs3773939	2	218910114	0.9725550069533513	A	-0.002327754791887564	0.003
rs6155872	12	175478184	0.11092739275735014	T	-0.002563329415225508	0.003
rs4763122	6	12720477	0.3938830644992938	C	0.0036659075321301034	0.003
rs3534937	2	119338832	0.9597760342382824	T	-0.004527466674366682	0.003
rs5427036	21	148435376	0.8568533995637815	G	-0.0014763739552805417	0.003
rs8906166	1	23558781	0.8089031795190776	A	0.0038736445156297723	0.003
rs9674163	12	60946863	0.25533121974622003	G	-0.008352379087683146	0.003
rs4486669	22	63784216	0.16918700264029127	G	0.003090224285622705	0.003
rs4722946	12	33425301	0.6619601012929874	A	0.009264733068802636	0.003
rs1224695	17	205591500	0.9200829354764186	G	0.004625401339473711	0.003
rs8552975	10	89146618	0.5511996964548603	A	0.002770518953281712	0.003
rs4340216	16	161996370	0.5659008464483061	A	0.009679552959196565	0.003
rs2847865	15	61995760	0.27718650293274477	G	0.00448845345228234	0.003
rs5897954	15	230717603	0.7618003089306856	G	0.00736245626981062	0.003
rs1344855	19	47547339	0.18518144063446257	G	0.0012550057268676529	0.003
rs3377935	12	91372540	0.3204492072478372	C	0.009363868558294434	0.003
rs9296877	20	131489576	0.42118781986586645	A	0.007372463359112217	0.003
rs6644807	3	149791186	0.5025391987938236	C	-0.000926127307894346	0.003
rs6241218	5	124637835	0.2399932109936053	A	-0.007375102446352248	0.003
rs6481140	19	183128904	0.11369730812356411	G	0.008416956956313738	0.003
rs9010643	7	30264326	0.6045177358167918	T	-0.0007580541846867878	0.003
rs6290717	21	83896667	0.2857513614023208	T	0.0019665453024485385	0.003
rs8892861	9	54953229	0.575430026826172	G	-0.005049200887932497	0.003
rs6609125	7	223350046	0.15282754449430755	G	-0.0001681090651712621	0.003
rs8339838	18	57294783	0.4763338894352508	T	0.0016394280382879753	0.003
rs2804673	4	194363507	0.5272682123317445	G	-0.0013350650205668883	0.003
rs9998604	14	47977874	0.05131478321883442	A	-0.009767589201837987	0.003
rs4303389	18	239480889	0.33324486936919945	G	-0.0020890983224006263	0.003
rs9777198	9	30365614	0.13307918602281513	C	0.004437752558538701	0.003
rs4151882	21	90268367	0.06275058701833534	A	0.005141185352224466	0.003
rs7737320	2	48010676	0.9800607304637219	G	0.004485706162528238	0.003
rs6973544	20	126430852	0.319137082986526	A	-0.007944151910146687	0.003
rs3542637	15	186588834	0.80177760265163	G	-0.0096326472611892	0.003
rs9107317	7	172544971	0.2521017018095786	T	-0.005793008401622628	0.003
rs5530889	12	70426200	0.6746908799744677	G	-0.009804583051616326	0.003
rs9962049	8	231652851	0.7526279790121908	A	-0.008242670017103333	0.003
rs3049949	15	205090234	0.5896863968143597	A	0.0064902809379366756	0.003
rs8654502	3	109352980	0.4668657109027713	T	0.009549327726295716	0.003
rs8045209	14	11198499	0.4077283865966544	T	0.0038638788164536194	0.003
rs5845710	17	38342772	0.34538609519489993	T	-0.009176330094414566	0.003
rs8258746	4	179580630	0.9202345575139051	T	0.001895532747538722	0.003
rs6111142	18	135415503	0.822314907515774	C	0.0008259267060214091	0.003
rs9715633	8	171158648	0.9553769912907408	G	0.0074193824749217135	0.003
rs2308507	4	219891302	0.12306300827845443	T	0.005668454518832295	0.003
rs1100734	2	124291756	0.7235614917768558	C	0.0032164023659850133	0.003
rs4081091	6	241213684	0.9289576688482593	T	0.006345955399249875	0.003
rs2868670	22	245470825	0.17942892317334191	C	-0.009184917878150544	0.003
rs5813673	10	158832377	0.06584063973043605	T	-0.008367400359388209	0.003
rs8551989	4	248212966	0.7337120315906656	G	-0.005057935319797071	0.003
rs3962732	22	213724958	0.568732637316981	C	-0.005615720252839114	0.003
rs7152941	18	240964793	0.8334120707029218	G	0.004885581311899112	0.003
rs4174108	12	18310852	0.13838325513626035	C	-0.001326893320872222	0.003
rs3976031	2	213753570	0.7873166860681726	C	-0.006766549117063947	0.003
rs6711813	10	55564054	0.19961903057406663	T	0.003065260384746603	0.003
rs2217060	4	198206748	0.1620277468776188	G	0.0008495727143873495	0.003
rs5678714	14	165991210	0.16263149729370371	C	-0.008369470208951466	0.003
rs4941106	16	79733130	0.806430827281866	C	-0.0055887775015535344	0.003
rs2851317	15	235363537	0.6585485965170311	C	-0.005928434393155146	0.003
rs3614150	8	134796590	0.5178395398671805	G	-0.006516133268434927	0.003
rs3605214	14	78273675	0.3552485909774263	T	0.00485413042399962	0.003
rs5188891	8	3276360	0.868429763399569	G	0.0053544777613356055	0.003
rs5031419	21	50437769	0.38852673189733483	G	0.0008660104672657681	0.003
rs3363999	16	106071545	0.8084352790824666	A	-0.0012276916162081916	0.003
rs5225889	13	240307243	0.4347491681354306	G	0.002123774271223431	0.003
rs1289102	18	234511824	0.37318121568636425	T	0.00585912189211263	0.003
rs5443778	15	166883132	0.4580583610150537	A	-0.0006837438595950294	0.003
rs1260116	21	112586533	0.29837108164375903	C	-0.005284158120815803	0.003
rs5214279	13	93800518	0.7401358102806869	G	0.00818065041331282	0.003
rs8537165	9	220436205	0.49769815898765346	T	0.00025230410411610296	0.003
rs1388076	15	58849484	0.22989824606839768	A	-0.0050553785119364595	0.003
rs6540070	13	151652071	0.89057983179609	A	0.0032524255801664077	0.003
rs7491878	1	45079273	0.3800584702472656	T	0.0030424649106087585	0.003
rs3844664	7	93992904	0.5381218969742375	G	-0.004837331345977449	0.003
rs3090212	9	41201137	0.8974083251337918	A	-0.003496198715506103	0.003
rs1152999	1	73571674	0.617999373574893	G	-0.0073825267856330035	0.003
rs5600108	12	81497273	0.11573789132087335	C	-0.0009242091723272155	0.003
rs8196042	8	93792001	0.9304344040561042	T	-0.008530065053399746	0.003
rs8684365	11	81954884	0.6214346954601729	G	0.0003954789711203537	0.003
rs5577033	19	58235484	0.33156320945436873	G	0.00657766731765219	0.003
rs6154048	17	96939748	0.13788795921602676	A	-0.005025714548247402	0.003
rs2942811	8	197400549	0.7860869971257003	A	0.0021107631528976562	0.003
rs6425838	3	212052882	0.613875827641669	A	0.0006702385059939118	0.003
rs3320688	3	81768647	0.5281311464456385	A	0.004107711882244071	0.003
rs5536119	1	218490796	0.8849547182946176	G	0.007284323553483378	0.003
rs4622138	5	24020885	0.7807133531401732	A	-0.009316244681216836	0.003
rs9061896	10	2286643	0.15016661418662636	C	-0.005377381751447068	0.003
rs4932441	7	212248784	0.3086117298969148	A	0.002800059336738275	0.003
rs9782882	9	42869822	0.24601176352492296	T	-0.006399791250545531	0.003
rs8500960	7	141418374	0.7365093901840245	A	0.0016934140088517742	0.003
rs4040267	9	209310488	0.03320677506407423	T	-0.00205242023071198	0.003
rs2180887	8	127223660	0.5641950891257547	C	-0.009901200381311807	0.003
rs2896220	12	15509187	0.7548364742964262	A	0.0016022445939093619	0.003
rs2367223	2	162998627	0.8679992127377644	C	0.0004346009327242627	0.003
rs5273445	1	6409861	0.33866751041126125	G	-0.007485169763867023	0.003
rs7681935	16	89825083	0.813046519052246	T	-0.0059629309575410325	0.003
rs7689142	5	91197406	0.1095343132682856	G	0.009398240922145409	0.003
rs1647296	3	190695762	0.8379893042942557	C	0.003452042364502526	0.003
rs1800101	12	117595132	0.12622250082203929	A	0.009266936656407982	0.003
rs7014126	8	13831595	0.393320444781858	T	0.0032326470074229355	0.003
rs9885366	22	76524262	0.7893244391681002	T	-0.002514064657204147	0.003
rs9121757	3	212406938	0.14842675390101256	T	-0.0051170541915525145	0.003
rs8376519	1	135666073	0.22696658876636278	C	0.0014121949327765941	0.003
rs6416775	3	77246546	0.7150328201834517	A	0.0037905350206312236	0.003
rs4144480	5	210154086	0.7128389708152482	A	-0.005686496952045657	0.003
rs5828761	15	237760514	0.6347397450801154	T	0.003156906092060721	0.003
rs6742533	14	16814828	0.6870120205379844	C	0.009543483684426346	0.003
rs3825896	3	49763532	0.5373017716696867	A	0.007415069006745182	0.003
rs5876872	1	130716977	0.2492885503272942	A	0.0013403252197333564	0.003
rs1721384	5	134833947	0.3422455766089452	C	0.007570311226026959	0.003
rs8716220	14	39538877	0.1797899236562434	T	-0.003459336768735226	0.003
rs3887698	7	242820729	0.8993669712146787	T	0.008027512991768885	0.003
rs5031464	9	230668499	0.5775620429005116	C	-0.0012883337037413404	0.003
rs7133066	15	242883611	0.3968488940818359	A	-0.007595818892587831	0.003
rs7529845	15	74851335	0.45739112554965494	C	-0.00988482679003757	0.003
rs2576590	10	237335932	0.9378110333823011	A	-0.002670769302572043	0.003
rs8049926	13	45196734	0.15182635557088825	C	0.003909344133797243	0.003
rs8899963	19	104982440	0.580371671398309	A	-0.0010261275475493877	0.003
rs4037099	7	244574694	0.5008347332088324	T	-0.008536081524631128	0.003
rs9100706	17	241687490	0.605343578537947	G	0.003364255971100325	0.003
rs7579137	20	90630668	0.017938900880793897	T	8.906182614829006e-06	0.003
rs1225049	4	215776155	0.8634039486156205	G	0.0003816357027243613	0.003
rs1747419	5	106967805	0.9227977784759515	A	0.006275325766391728	0.003
rs6537803	7	109331512	0.5594862004214809	A	-0.00202354438206199	0.003
rs9793380	13	173721659	0.6896873491298845	C	0.0006720509345375693	0.003
rs3086213	15	154382256	0.9132751623717109	T	0.004362461524529888	0.003
rs8313834	11	88580056	0.7001691755839214	A	0.00644786837634116	0.003
rs6044842	4	241943927	0.1510221270946896	C	0.007934285796802448	0.003
rs5156532	13	122848736	0.5705297136815434	G	0.00909320060066615	0.003
rs6382858	7	156030437	0.6006518287685635	C	-0.008794652194208783	0.003
rs4617556	19	111477445	0.41989512328264916	A	-0.0029675462552073116	0.003
rs7428540	22	224807545	0.7290824288261193	G	-0.004864468645589841	0.003
rs5338843	2	53203051	0.925024000951177	C	0.001618641065255954	0.003
rs5117923	10	174519532	0.9163135720925795	T	0.004323013484463871	0.003
rs1698956	13	140066015	0.44633646929637677	G	0.006463480311913206	0.003
rs7278602	21	241539820	0.1121145330018893	C	0.0036223570792996568	0.003
rs8519817	6	186370428	0.9749929385607216	C	0.0005032676733412039	0.003
rs9654406	12	44750190	0.8305107166006103	C	-0.007862461538105124	0.003
rs4891113	12	70334164	0.12342480776442215	A	-0.004868744325972725	0.003
rs9544291	20	187404943	0.9116342553723724	G	-0.0003290870656015056	0.003
rs6605126	11	119975349	0.8611986994778864	T	0.0010045308431252346	0.003
rs2906039	7	214216468	0.5136544881742401	A	0.002663027511880448	0.003
rs1211830	1	239219466	0.5853667686331224	T	0.0063837771885358035	0.003
rs6987029	1	190475579	0.3950186868043903	G	-0.005438404561021351	0.003
rs5755976	20	49518372	0.054223474817422804	C	0.0022196197770198347	0.003
rs4746169	13	13842659	0.33185191725702545	A	0.006797226057334406	0.003
rs7810183	9	232302370	0.7948268855775453	G	-0.0029315724139456377	0.003
rs8467866	3	34978002	0.004595656454326784	A	-0.003958789963304099	0.003
rs7396567	7	137590867	0.33017084498251587	C	0.0070234852170554165	0.003
rs5021080	6	56553464	0.394193024968098	T	0.00533312270400812	0.003
rs6439433	8	100204497	0.5320262729525143	A	-0.00152110374173396	0.003
rs3748996	9	178018926	0.9106578616924688	C	-0.0052952883039603035	0.003
rs9899691	5	19892008	0.342889070962358	T	-0.0005421606873363578	0.003
rs1866964	1	126881648	0.34349020034524647	A	-0.006431080695444558	0.003
rs6783182	19	36427853	0.7301288606161698	C	0.0021418807217756155	0.003
rs6334538	10	192100046	0.4477012393015002	T	-0.004862323047085704	0.003
rs4119612	12	74190814	0.22236652866235276	A	-6.466282281661177e-05	0.003
rs5736319	15	11986868	0.44792059657620514	C	0.0019409383379138338	0.003
rs1257681	22	41480309	0.13945704160579808	C	-0.0011456606644094577	0.003
rs3054780	9	94691765	0.17463135277129602	C	0.004490337027972363	0.003
rs1842186	20	40521538	0.4933891113343576	C	-0.0031781995105155895	0.003
rs8116355	17	113347791	0.4147420057550074	T	-0.0032554573448915925	0.003
rs4105958	17	214033430	0.9056982935984084	A	-0.008411612620220268	0.003
rs4258084	20	196190712	0.35877633618647564	A	0.001915014563779134	0.003
rs1403322	12	173891082	0.5747866608917602	T	-0.0029000738833612535	0.003
rs5310796	7	133985867	0.6259453223974558	A	0.00663726226502844	0.003
rs8017403	2	92063625	0.012973381077884417	A	-0.008601367885811317	0.003
rs5077716	3	56454431	0.6569053629228233	G	0.0076015817512291636	0.003
rs2908802	17	249523535	0.17626382684138522	T	-0.0053834162169197584	0.003
rs5168962	5	66557447	0.9514600035915859	T	0.003389739103963802	0.003
rs9383190	17	84845477	0.1471846138483043	G	0.003236783796987573	0.003
rs1780641	17	78982667	0.41048373624851625	C	-0.0006958877543256376	0.003
rs7651143	17	191078359	0.08450531790117663	T	0.0012459363175581963	0.003
rs3551331	2	248530139	0.9869055405849694	A	-0.006493941152846808	0.003
rs5001070	2	100471732	0.49717803827782686	A	-0.006590441236521649	0.003
rs4496605	22	118601287	0.5894352132966701	A	0.006436128878021736	0.003
rs6311499	5	192898745	0.06641504184976932	A	-0.003982937832934899	0.003
rs4296903	1	3667867	0.742463366090482	G	-0.0005022691298756272	0.003
rs2147116	1	94837987	0.20781443810869896	C	-0.002013681683813837	0.003
rs1310375	19	113521305	0.8890747660034122	T	0.009849670043167504	0.003
rs6238631	2	57987271	0.2030961926807823	G	0.0007991426056111924	0.003
rs7127764	21	176459001	0.1887889365798233	G	0.0024717137600551945	0.003
rs6859046	12	180936571	0.03619380567293545	G	-0.007445730327295303	0.003
rs8940879	6	91864817	0.4673515549894482	G	0.005640561753407719	0.003
rs8359201	4	69452891	0.5591970735186577	A	-0.009276792389504757	0.003
rs4413654	11	66432283	0.06506089594767456	T	-0.0031665099620615837	0.003
rs9604008	17	206493092	0.7677745852518935	A	-0.003073564628219929	0.003
rs4324664	6	159461992	0.4487614135121999	A	0.00019448493503396343	0.003
rs5584258	5	43734307	0.5191511227316109	G	-0.0044059292305704155	0.003
rs5212377	20	210211071	0.4363607118413765	G	0.007466733234476957	0.003
rs7906117	2	68606426	0.396761422635964	C	0.005725519135141891	0.003
rs2583246	6	46791733	0.5540483315918227	T	0.001331507243428372	0.003
rs2794291	22	139795966	0.15369629106894608	T	2.3059983640194223e-05	0.003
rs3878117	11	156032720	0.1801170299090135	T	0.002559001055452717	0.003
rs6287913	16	128833288	0.8531691469471719	T	0.0044284413465746335	0.003
rs3804802	16	156506676	0.936654846357675	G	-0.0057603501819552295	0.003
rs3733460	1	6562067	0.3695824900237926	C	-0.006529509700269827	0.003
rs5115362	9	174009356	0.26804451896538684	T	0.009146457757891744	0.003
rs2490687	6	91012399	0.6375631078111932	T	0.006449611272687219	0.003
rs6272864	16	162563548	0.40465274204540447	G	0.002127418888667512	0.003
rs4368045	3	36154828	0.02514223824018481	G	0.005296196018059909	0.003
rs5832691	20	155306093	0.15459950986655482	C	0.009055950552025885	0.003
rs5217733	4	59842658	0.708815346836635	A	0.003326137716700794	0.003
rs3869729	19	44109628	0.6523381132516307	G	-0.0004353195390385551	0.003
rs9944718	3	14021573	0.02683476161852362	G	-0.00840069211281396	0.003
rs5202271	19	53827729	0.21976022059200065	G	-0.0013500424333973606	0.003
rs5746771	20	179838386	0.2287717378742248	T	-0.004444947525014778	0.003
rs1864645	7	165151551	0.6651770972353052	G	-0.005679236349808008	0.003
rs5254849	20	81155332	0.01952323527144297	G	-0.002704035617109411	0.003
rs9336900	9	219679086	0.10307645507890827	C	-0.006164350888162789	0.003
rs4512664	1	190736856	0.7919189253586038	T	-0.00030796825962270576	0.003
rs2491633	8	186727425	0.17676742998716974	A	0.0023899550281517527	0.003
rs3061774	7	87966281	0.6462221193122775	A	-0.0013932564498215765	0.003
rs7976610	18	248941943	0.2358085714084488	A	-0.007572301211551422	0.003
rs9526086	8	8136029	0.09845598441782412	G	0.0038323611113863874	0.003
rs4711584	1	231055153	0.24074803736754957	G	0.0026637925202692807	0.003
rs7314768	11	222568250	0.715047039867784	A	0.002304388764620217	0.003
rs7726451	18	195212716	0.8471409464605418	A	0.002477916725832769	0.003
rs2544613	10	172086852	0.821919363722676	C	0.004486349393533224	0.003
rs3430525	3	114245302	0.3932177224869741	G	-0.006107549763584699	0.003
rs3456070	7	156714551	0.6614076043535739	C	-0.0017174049494214586	0.003
rs5749766	16	7285088	0.20294240261870863	A	-0.002258424793287384	0.003
rs9982913	16	119550901	0.2902233214811005	T	-0.000373116967293528	0.003
rs6477093	20	185125585	0.8873734969777234	C	0.001642964595599445	0.003
rs6529046	17	214786847	0.012881774256393568	T	-0.006206103036506457	0.003
rs8562116	2	206239534	0.08466259046061485	A	-0.003529992101770525	0.003
rs2685996	1	110164720	0.20581531373201561	A	-0.006022874444494082	0.003
rs2352144	16	8468810	0.02627661651304278	C	-0.00468297726691373	0.003
rs7695306	12	136852884	0.17962926638454846	C	-1.3323300427635007e-05	0.003
rs2693439	5	26301054	0.5772153149443855	C	-0.0070152444409964775	0.003
rs7919875	5	78264088	0.4172160908410671	T	-0.0035064814621988006	0.003
rs9985826	9	140218773	0.8837460672490943	A	0.002281626223694721	0.003
rs1817052	9	72572282	0.809270951685439	T	-0.002152125569430509	0.003
rs7269324	3	128212314	0.33840576000738026	A	0.009106693730078564	0.003
rs8503888	19	29267184	0.25683660486264526	G	-0.003691862085039746	0.003
rs3726016	16	111933452	0.37590168716151257	T	-0.0012479375188921612	0.003
rs4282972	16	5345760	0.5843960901402345	A	0.006817431588518453	0.003
rs3319124	3	134973601	0.2653903237782393	G	0.0027440295361656087	0.003
rs3518970	20	159148712	0.6179111772815642	T	0.002733393643344146	0.003
rs3801742	22	172023458	0.40532344155280614	A	-0.0086669591887862	0.003
rs8436754	1	39019582	0.5465311885716518	A	0.004748675374429712	0.003
rs3161088	20	101532608	0.4317709025786722	C	0.003604555584167066	0.003
rs1487510	11	59720660	0.2915281572889031	C	0.0031807106840736152	0.003
rs6795250	17	243130927	0.9389692893594654	G	-0.00789264932094388	0.003
rs2780752	8	56229238	0.7559721001602216	A	0.00017158578895156915	0.003
rs4764455	4	225293381	0.13872064287703037	T	-0.0007610612665808845	0.003
rs9791690	6	19100699	0.8597846114591747	G	0.005493070623623638	0.003
rs6215622	8	2722320	0.48256201195503606	C	-0.006296088642650641	0.003
rs9481209	20	148516100	0.8856077591028816	A	0.0009923208743784894	0.003
rs7071845	3	164920642	0.7918587048352825	C	-0.008356566650471454	0.003
rs2989968	16	239077364	0.42096711728949643	C	0.005649698491278757	0.003
rs6497191	3	98278998	0.022254390543833023	A	0.00951981699197585	0.003
rs2257008	18	82550308	0.2659978990175028	G	0.0023002593607773323	0.003
rs6137997	14	166875252	0.5362224561721116	A	0.002878085070822614	0.003
rs8270518	18	32206052	0.6271471028456875	T	0.00791629194743764	0.003
rs9173321	2	31413513	0.25531622970201595	A	-0.007495328591343458	0.003
rs8214938	22	160546825	0.13797111977135518	G	-0.007720867305713657	0.003
rs8045900	3	13243026	0.8265825851289381	A	0.008405943624388157	0.003
rs6312399	16	231145108	0.9745583148747096	G	0.0023299945379016695	0.003
rs2668321	9	57024141	0.5204380235778359	C	-0.00912528748240061	0.003
rs7154512	4	76356616	0.169970776196962	G	0.0019706315136873136	0.003
rs6418952	1	18864557	0.2695915301809101	A	-0.0024801422011737715	0.003
rs9181883	4	7195200	0.018216585875226593	T	0.0022587916498905108	0.003
rs8170837	1	72086130	0.9051566755068284	G	-0.005186145763349901	0.003
rs2750740	14	107222252	0.11658239455041082	G	-0.006050590202801254	0.003
rs1885421	21	188581132	0.5707555455943558	A	0.0029162162531041202	0.003
rs4223522	16	85729603	0.2713219279281271	T	0.006318938779372346	0.003
rs9568438	20	177707005	0.5486406807106103	C	0.00693028677380556	0.003
rs5113640	8	14832640	0.644909670264462	C	-0.004955179596532768	0.003
rs5877708	7	201577904	0.8214460882520925	T	-0.0007892100545172	0.003
rs9281447	3	31061031	0.2043649948302796	T	0.005528948929994493	0.003
rs8076042	17	239921503	0.010895760413609089	G	0.0009005383779387664	0.003
rs2265898	1	202418785	0.13552540491181853	A	0.008747761329942377	0.003
rs1880412	16	197119899	0.8910194552432056	A	-0.006703703685411257	0.003
rs8319764	12	81197726	0.8651524378861144	C	-0.008162582245799107	0.003
rs2228337	19	220290695	0.5914429970175835	C	-0.0002321173987012079	0.003
rs4690583	22	96282726	0.5945156866607125	G	0.004656030895325012	0.003
rs2599908	22	201030361	0.6583896574340474	A	0.004868475721532187	0.003
rs3892478	14	88220897	0.17362581212442887	T	0.001300439857180322	0.003
rs6949852	6	167261173	0.9052686823462509	T	0.007466458317216153	0.003
rs1888036	6	96856757	0.41458863193790346	C	-0.006783036520845076	0.003
rs7524559	13	82052418	0.37931331158172	G	-0.005066422709567539	0.003
rs3398083	19	87601594	0.5137333390529563	G	-0.006120922654644503	0.003
rs4909439	22	249151345	0.04650583744763675	T	0.003151206255560462	0.003
rs2707017	8	171430731	0.16462887223483108	A	0.004661425920593496	0.003
rs8288538	2	17689088	0.7306558999259425	C	0.0037576821975983023	0.003
rs2116271	21	223938165	0.08197985325919595	A	0.0007739133468607825	0.003
rs4099555	1	131883819	0.5971245568506296	T	0.006960955822615437	0.003
rs1516409	15	112274973	0.24290316509341095	T	0.006653609386940864	0.003
rs5476321	1	8102173	0.38540876494541637	A	-0.0026411849739583102	0.003
rs2935090	5	180606266	0.2858139124656252	C	-0.0038879156901957023	0.003
rs8089975	16	123332984	0.352122432573135	C	0.009926686752544945	0.003
rs5819075	19	118922192	0.7118582556733511	C	-0.0010277873809091485	0.003
rs5742297	4	39720111	0.29415752724978705	A	0.0032608400900098443	0.003
rs9074037	3	183733566	0.5607449298475252	G	-0.006432548313853403	0.003
rs8420105	17	124620654	0.47129513767308673	T	-0.006662297642902581	0.003
rs8008443	17	196574678	0.657037816997368	A	-0.002246528104992116	0.003
rs3165251	12	23064334	0.9274620736341171	A	0.002846510518104549	0.003
rs8983439	14	149899044	0.7252490505171757	T	0.0012296917591904741	0.003
rs9874883	21	249290132	0.21279882540106332	G	0.002069753331929096	0.003
rs3949281	6	62681549	0.030880991879321213	T	0.006099779993615396	0.003
rs2243294	3	72209537	0.25964878121638385	G	0.006500988203601241	0.003
rs3414802	9	237415050	0.5891312006139453	T	0.003908312966561064	0.003
rs7444345	5	110367730	0.05092104109127301	T	-0.005803160102871812	0.003
rs4916643	17	121907878	0.491407621066752	G	0.0004059315383730805	0.003
rs6510493	14	49840101	0.5908784519992312	C	0.0047101121297507525	0.003
rs7367712	21	236208383	0.3309081094698831	T	-0.002571559962539085	0.003
rs1181360	3	63468859	0.7632053725863263	C	0.006027338316390381	0.003
rs5138286	1	185523489	0.10554120461990275	C	0.004672316600846249	0.003
rs9333100	20	164584805	0.07439565254063331	A	-0.0015750389341185594	0.003
rs1311955	21	196798321	0.7209095867540053	G	-0.006434950661907168	0.003
rs5835451	1	118758049	0.49054144813097444	C	0.004799727733712235	0.003
rs5698713	3	51011985	0.6815214884394943	G	-0.005941272648501956	0.003
rs6289730	18	75062621	0.4304847169443228	A	0.004005039188890421	0.003
rs3326133	10	236431246	0.24394554888638337	A	0.003953412550401502	0.003
rs8948140	22	123415538	0.8109131034742809	C	0.00881358490230681	0.003
rs7374825	3	126235646	0.7914237260204997	C	-0.0014068637452212991	0.003
rs8028722	8	168061473	0.687752559181174	A	0.006838671335836174	0.003
rs2877971	14	154568563	0.2694309644062908	A	-0.001296392014892865	0.003
rs3866757	18	204780344	0.5843324578937276	T	-0.008387969724857508	0.003
rs6913318	15	61084389	0.35737054823165715	C	-7.077695289400485e-05	0.003
rs4651387	22	58597408	0.09067533677263453	G	-0.007292918354446289	0.003
rs6905950	2	145538583	0.9081412665718658	G	0.0031391031253427907	0.003
rs8232212	10	153347982	0.1354590764234626	T	-0.00434508620842476	0.003
rs7984297	2	93525563	0.9407354779090562	T	-0.009274247547729958	0.003
rs4801250	17	206984285	0.44155125517064664	C	0.008125091610420734	0.003
rs1486799	8	102370985	0.18328974822094507	T	-0.0014222624227792288	0.003
rs5464344	1	215162994	0.5364865188951008	A	-0.004637219598089733	0.003
rs1566088	9	44558992	0.8642176480592855	A	0.00706179246807301	0.003
rs1658003	11	52628164	0.7249053152966014	T	0.00812874906688822	0.003
rs6028035	22	200594780	0.7984974707713566	T	-0.0017780879479858697	0.003
rs3092101	16	95804867	0.652198945209943	C	-0.005264313813772292	0.003
rs9503967	7	94831305	0.6853568761070288	G	0.0009664116745284838	0.003
rs7762126	10	222567159	0.8407052030931504	G	0.008736449240661836	0.003
rs7342057	3	128094160	0.2471788320905055	T	-0.0016241336185167723	0.003
rs2512760	18	235575177	0.48453581975707266	A	0.009625941809944935	0.003
rs2863236	13	82251088	0.21900513530698804	C	0.004503114551022296	0.003
rs1450930	7	36409403	0.9777914512366006	A	0.00894071975477446	0.003
rs8946232	4	17045907	0.9346193056963502	A	-0.007718084302241333	0.003
rs6403252	13	93924887	0.03904214898670716	G	-0.001640201322590313	0.003
rs1688725	20	197972612	0.6985223650388064	C	0.000902110565213993	0.003
rs1206487	1	183676001	0.915996581758335	A	-0.005451810082772421	0.003
rs8018523	8	237730420	0.17877778592260893	T	0.0008509160679084585	0.003
rs4452501	14	150951937	0.5622700987947976	A	0.000870764346852921	0.003
rs6451973	16	70800140	0.9063342597291856	T	-0.00030607425739906033	0.003
rs8353172	14	93903549	0.033616179340155	A	0.008913962940005645	0.003
rs6354552	12	37081386	0.690449090371699	T	-0.008048749795214005	0.003
rs7911855	19	74658410	0.29438254380875156	C	0.003019469343019084	0.003
rs7550091	15	227111215	0.9151529894608114	G	0.005739402698353326	0.003
rs8370683	2	125825546	0.9613479521312625	C	-0.0008152024480608394	0.003
rs6047999	2	58395058	0.9348243815574084	C	0.005725563987680661	0.003
rs4471750	22	161045166	0.4694773323487226	A	-0.006705872931354082	0.003
rs9976766	19	17663288	0.8534236040529104	G	0.0051350301137727	0.003
rs8543159	22	98148566	0.8361054590557343	G	0.007556601563040817	0.003
rs3901717	22	14081782	0.3159162775060907	G	0.007411568500920137	0.003
rs3211738	17	96632207	0.8206280302544291	A	-0.0009752131163802379	0.003
rs3639929	20	116546206	0.03664718829199055	G	0.005440249526199807	0.003
rs8440449	10	109664778	0.5903112169984477	A	-0.008116961797486041	0.003
rs6071915	6	60387253	0.22771644882645317	A	-0.002185432687727735	0.003
rs7310114	15	44669391	0.11937001125064825	T	-0.002561346641662703	0.003
rs8690840	22	69181511	0.07619290008090077	C	-0.0023915998498487533	0.003
rs2274634	11	237512131	0.6893289252315996	G	-0.0062655340845391705	0.003
rs2228807	5	245298087	0.3364828153807478	G	-0.0028665805171647057	0.003
rs8601748	1	39660995	0.7175218561457586	G	0.00595828319231788	0.003
rs7181422	8	143452407	0.06471212382754496	C	0.008301801368140864	0.003
rs8640167	21	158458712	0.31214428154892593	T	-0.00684090354329304	0.003
rs3519507	12	94580482	0.5341009845386601	T	0.005865227008765088	0.003
rs2526534	12	157601538	0.7828180259589255	G	0.0071435851399750585	0.003
rs4802986	5	66438362	0.31557179037771993	G	0.00014102207730882187	0.003
rs2960155	7	183784092	0.6196362037588746	A	-0.009332327964272375	0.003
rs2768967	4	153945311	0.8771191109763429	A	0.0046527046940166555	0.003
rs1279215	6	204237297	0.6097083976685996	C	-0.003736760103654353	0.003
rs8379933	13	170373756	0.23063755041134992	T	0.009355117542067777	0.003
rs7035218	20	21568697	0.024166529733157076	G	-0.007647120236813496	0.003
rs7223754	15	157118066	0.8613991841731815	T	-0.003606663351189106	0.003
rs1578688	3	176529362	0.021066504047774763	C	-0.00029282033680225715	0.003
rs6755892	8	40902996	0.8659559089406306	A	0.004503710960547816	0.003
rs9127747	20	189699652	0.5236524733155996	G	0.007638555166092879	0.003
rs8337694	16	140941329	0.929677630850782	C	-0.006755331884350413	0.003
rs4817242	13	123794587	0.790797415583571	A	0.0011951136727676517	0.003
rs1239968	18	151835881	0.9879547900868988	G	0.004387072447383171	0.003
rs6504381	10	224383356	0.34721119017903856	T	0.004629929806807247	0.003
rs4878363	19	137600085	0.7595187341589263	A	-0.004070204374333695	0.003
rs2027557	17	113539028	0.39791758516401365	T	-0.007785031093620838	0.003
rs8601723	19	210230661	0.47508206534466674	G	0.009761311333055479	0.003
rs6688238	5	148847812	0.6212341335315542	G	-0.0008146960565357225	0.003
rs2785559	21	100981544	0.8649416062733335	T	0.006385102097429223	0.003
rs4932747	9	187794507	0.9742427936726101	G	0.0005086982509138575	0.003
rs5623636	12	81890201	0.7605929969917343	G	0.0065195642541616364	0.003
rs2406368	21	83537517	0.41359493667783875	A	-0.0015976254430455014	0.003
rs2224744	1	223349857	0.41714921868427673	C	-0.0009929804218917464	0.003
rs3131018	1	17099248	0.7302091027499866	A	-0.0012898909120368125	0.003
rs4489429	15	15677069	0.23639698653916164	A	0.006828951061695199	0.003
rs1294746	2	76589337	0.10937826725894939	C	-0.009377688001652847	0.003
rs5352892	22	13433196	0.3510823898427924	G	-0.007873125474884508	0.003
rs9512558	16	40010202	0.2843737293476244	C	-0.006657359770575575	0.003
rs3650235	8	169844360	0.29335207617022563	A	0.006740822504858803	0.003
rs9299350	13	128949593	0.23127933746190035	G	0.002857638201174153	0.003
rs5020120	21	213216056	0.041681836808101905	C	-0.0038937864660653744	0.003
rs8331006	1	188455534	0.01770501664673234	A	-0.009336212908751475	0.003
rs9831924	16	13457080	0.9778452886147738	T	0.0051849746612168575	0.003
rs6429219	7	2222869	0.4235011246671664	G	-0.005344737057974225	0.003
rs3148091	5	83716910	0.3804895374216133	A	0.007976947763604946	0.003
rs5058848	22	51066487	0.6728540133933122	T	0.0034146462381166812	0.003
rs8932310	3	138343082	0.2160791664475349	C	-0.007780210615730379	0.003
rs8486327	12	198020478	0.9404620724988836	T	-0.0007928345759614739	0.003
rs6507683	16	10818159	0.7784837008212524	A	0.0009329644037557698	0.003
rs7417954	19	12145552	0.0885259981791138	C	0.009536006570213187	0.003
rs6779277	5	116438617	0.41341079221932125	C	-0.001549031433761108	0.003
rs7970199	22	240663907	0.8703283333034674	T	0.008361531043983012	0.003
rs3822136	14	242382656	0.9352852547482733	C	0.009455526457841716	0.003
rs8818114	5	95562311	0.4627328221222586	T	0.003986307502524074	0.003
rs6712044	15	150370722	0.6072811412047084	C	0.002426889945070591	0.003
rs3538568	17	210409715	0.16537193629169356	C	0.0025647622092656273	0.003
rs7124152	14	94842126	0.9812570281893453	G	0.002701782118194376	0.003
rs3677747	20	158155630	0.22936266765259514	T	-0.005631136342333858	0.003
rs8026492	5	249988286	0.9333050290760331	G	-0.008069310596091183	0.003
rs3943295	12	211632759	0.6431536860359548	A	-0.0006246406907098826	0.003
rs3078808	16	202962197	0.6016633495621218	T	0.001967149685955176	0.003
rs2558242	16	209806413	0.5075664990212333	A	-0.004001617769860306	0.003
rs5319453	21	240464921	0.22837080690246395	A	-0.009037143280432931	0.003
rs3367555	7	43758171	0.17477098640513314	G	0.0070452774878236295	0.003
rs3414165	4	243294742	0.21828914211738293	A	0.00978056716700348	0.003
rs6051646	1	135285389	0.18458201514019054	C	0.0006263304113611826	0.003
rs7912880	5	108523287	0.7717908329863501	G	-0.009306594665470333	0.003
rs4331106	10	142802881	0.34663050532247114	C	0.009908750323826198	0.003
rs1976433	22	158553165	0.05727367137099677	A	0.0004289137808717886	0.003
rs5900164	5	98663674	0.9594119128131018	G	0.006627470287714198	0.003
rs6679042	4	11466615	0.8749491882549418	G	-0.007701340058808664	0.003
rs1460796	2	35861938	0.9184754828404289	A	0.008192536388731847	0.003
rs6289283	20	112023110	0.9849587953417445	C	0.006585735986335111	0.003
rs1312023	10	87787694	0.17216455777480025	G	0.001435447040966445	0.003
rs8822636	19	138184150	0.39228563629344315	C	-0.0013914517935801965	0.003
rs3320715	1	51154221	0.7506585085622933	T	-0.001308080782825764	0.003
rs2899054	5	138926382	0.6890634516670737	C	0.002038468620302632	0.003
rs9153113	13	131876923	0.15236540831739312	G	-0.001132399712416245	0.003
rs7961383	4	192864812	0.8076766354094617	A	0.002626151061839775	0.003
rs8960339	16	235999057	0.22220392171257572	A	0.004052675461710327	0.003
rs3770742	16	43573305	0.22158720049824865	C	-0.007366131230559229	0.003
rs8296405	2	179871077	0.5316093089202505	G	-0.00024665862757471124	0.003
rs5109803	17	141090082	0.5870146060939376	T	-0.004568624704979203	0.003
rs2034586	20	96192946	0.5742895448973546	C	0.009676806257108756	0.003
rs6547094	12	237096526	0.09058105415540335	T	-0.008581355677324532	0.003
rs3084504	18	182974207	0.8686874793954502	T	-0.002762938135897226	0.003
rs5854042	3	83649048	0.26295138616239316	G	-0.0052228667919614466	0.003
rs4830121	1	215341238	0.1282284769207633	A	-0.0009906939668436338	0.003
rs2353324	1	10810404	0.8798617115894887	A	0.0024503939145949036	0.003
rs5268173	19	247032411	0.9460954267324735	C	-0.001050637173550844	0.003
rs8010131	11	87205129	0.8535077198166234	G	0.0018173488254208305	0.003
rs8951036	5	7292518	0.801422818816882	T	0.007082719953010087	0.003
rs2369277	12	42142200	0.6486930084128251	G	-0.009265572749983577	0.003
rs9222502	3	122160976	0.5453532883293418	A	-0.0012292302292512894	0.003
rs5075837	1	103855910	0.08612602244469693	T	-0.004130223535837568	0.003
rs9874365	1	115694229	0.40437459640786105	A	-0.002059699175256167	0.003
rs5961828	8	65413145	0.36896790495702075	A	0.0023413303223560264	0.003
rs3392919	10	152765117	0.25716364838488537	A	-0.003095537143966158	0.003
rs3408630	11	246938987	0.7161886783505622	A	-0.009406635538705204	0.003
rs9095213	12	197350488	0.4909220189706323	C	-0.000988059620337321	0.003
rs6557805	13	67689168	0.08024494328641238	A	-0.002108478488047072	0.003
rs4714379	12	131682380	0.21798916809829375	G	0.0081522200511311	0.003
rs2549420	14	134541075	0.6764293434353633	G	0.0034921570583243237	0.003
rs9312934	2	157637208	0.07537878958680228	G	0.00642396565100453	0.003
rs7722055	19	233367683	0.8426963328391405	A	0.0027280274036681415	0.003
rs2520982	18	183984073	0.49020011027856447	T	-0.004847855593325563	0.003
rs4998422	3	169239170	0.47578590568760826	A	0.0020759090589877547	0.003
rs6181377	17	103318312	0.5864877827350758	G	-0.0023232223391004107	0.003
rs9012369	8	181741265	0.8164359094562385	A	-0.007579499990296139	0.003
rs5204955	10	105884334	0.3443376377310921	G	0.005023560956168363	0.003
rs3985696	2	94198563	0.6712392108719473	G	-0.008396399718361931	0.003
rs2372070	19	160371374	0.5600789870361932	T	0.0033714529344582803	0.003
rs9241353	9	212838421	0.26436531718502543	T	0.007760781287202355	0.003
rs5450252	7	105544289	0.8698449001917429	T	4.307219923973746e-05	0.003
rs9494630	4	249001134	0.7894537871306427	G	-0.00656303037345811	0.003
rs5975045	21	249848135	0.6518707317934946	C	0.00481962500549157	0.003
rs1161445	18	104231399	0.8420774059860086	C	0.0006793494509552758	0.003
rs7494503	13	244350896	0.8586225860081947	T	-0.009765867785381918	0.003
rs1684029	11	9411883	0.7012822633181173	G	-0.004099185846916875	0.003
rs7981440	4	12082322	0.8286448249467516	C	0.0015439977346910164	0.003
rs4308505	21	17203305	0.6904997723379741	A	-0.007539934097525087	0.003
rs1208944	4	146066408	0.6733425626349798	C	-0.003136652936546835	0.003
rs2361303	10	108145828	0.6124290783192503	A	-0.00865230890428955	0.003
rs3894100	5	218249285	0.7451919459956692	T	0.007036824737478952	0.003
rs7674851	9	106859763	0.15702746818909005	C	-0.008447707105371183	0.003
rs7983604	3	90838873	0.8720632428993471	T	0.005779703198415866	0.003
rs5754619	17	194510719	0.8631263740325023	G	0.00596760681036705	0.003
