SNP,CHR,BP,P
rs62158206,2,114084596,3.003e-43
rs116219610,2,58849728,4.754e-14
rs11682175,2,57987593,1.089e-13
rs8047587,16,53798622,1.089e-12
rs915416,1,34731984,8.15e-12
rs365663,5,1428883,1.116e-11
rs13109404,4,102896591,1.126e-11
rs6889592,5,102313939,1.437e-11
rs13329140,15,48050577,7.507e-11
rs12607679,18,53059748,9.794e-11
rs7915425,10,125016501,3.083e-10
rs12463754,2,166942663,3.913e-10
rs1668331,7,113872935,5.198e-10
rs34388845,6,28578286,5.431e-10
rs9843801,3,136000746,5.82e-10
rs77684884,16,6499120,5.826e-10
rs12215241,6,27023081,6.09e-10
rs2192528,4,18327896,6.266e-10
rs7115856,11,43769287,1.247e-09
rs3823624,7,2110346,1.297e-09
rs10973207,9,37100525,2.015e-09
rs62061734,17,44018488,2.172e-09
rs4767550,12,117951150,2.698e-09
rs11076146,16,56261429,2.956e-09
rs1633063,6,29726046,3.173e-09
rs41501452,4,82272105,4.043e-09
rs540431,1,57859521,4.908e-09
rs11621908,14,78495761,4.954e-09
rs35662245,2,147583187,6.229e-09
rs1553132,11,88297740,6.633e-09
rs9451146,6,89798679,8.528e-09
rs11650677,17,11231513,8.95e-09
rs12336359,9,4129657,9.419e-09
rs11883686,2,157049217,1.007e-08
rs144625846,10,104078044,1.049e-08
rs6979198,7,107197694,1.071e-08
rs7686205,4,44535866,1.368e-08
rs9362971,6,93157567,1.411e-08
rs1872240,3,136503896,1.461e-08
rs16834426,3,123283309,1.757e-08
rs1392817,1,66539456,1.844e-08
rs17285646,4,92557496,1.884e-08
rs113322698,5,137769576,1.937e-08
rs12791153,11,80685181,2.893e-08
rs4642942,1,31492150,3.065e-08
rs79512144,2,9188514,3.643e-08
rs11654671,17,4732467,3.714e-08
rs1263056,11,116576415,4.154e-08
rs4688116,3,118195601,4.201e-08
rs112230981,3,55879269,4.588e-08
rs28651105,16,19987636,4.748e-08
rs199534,17,44824213,4.888e-08
