SNP_ID,CHR,BP,P,genes,n_genes
rs11693221,2,66799986,3.141e-22,MEIS1,1
rs6561715,13,53888526,1.709e-12,OLFM4;PCDH8,2
rs4986172,17,43216281,5.204e-12,ACBD4;HEXIM1;PLCD3;HEXIM2;NMT1,23
rs370771,6,105398086,1.475e-11,LIN28B;HACE1;BVES;POPDC3;PREP,5
rs77960,5,103964585,1.658e-09,,0
rs6938026,6,43185733,2.718e-09,DNPH1;CUL9;SRF;TTBK1;SLC22A7,36
rs6984111,8,10211788,4.254e-09,MSRA;PRSS55;RP1L1;C8orf74;SOX7,7
rs4073582,11,66050712,4.667e-09,CNIH2;YIF1A;RAB1B;TMEM151A;KLC2,47
rs77217059,2,58989880,8.756e-09,,0
rs9576155,13,37600284,9.264e-09,SUPT20H;EXOSC8;ALG5;CSNK1A1L;SMAD9,7
rs4884332,13,59900365,1.452e-08,DIAPH3,1
rs1456193,3,117637697,2.13e-08,LSAMP,1
rs55683518,2,147484316,3.551e-08,,0
rs7228159,18,53104253,4.081e-08,TCF4;CCDC68,2
